Data/Hora ;Consumo_kWh;Custo_Total;;;;;;;
01/01/2023 00:00;1.597627008;0.798813504;;;;;;;
01/01/2023 01:00;1.930378733;0.965189366;;;;;;;
01/01/2023 02:00;1.705526752;0.852763376;;;;;;;
01/01/2023 03:00;1.589766366;0.794883183;;;;;;;
01/01/2023 04:00;1.347309599;0.673654799;;;;;;;
01/01/2023 05:00;1.791788226;0.895894113;;;;;;;
01/01/2023 06:00;1.375174423;0.687587211;;;;;;;
01/01/2023 07:00;2.283546002;1.141773001;;;;;;;
01/01/2023 08:00;2.427325521;1.213662761;;;;;;;
01/01/2023 09:00;1.266883038;0.633441519;;;;;;;
01/01/2023 10:00;2.083450076;1.041725038;;;;;;;
01/01/2023 11:00;1.55778984;0.77889492;;;;;;;
01/01/2023 12:00;1.636089122;0.818044561;;;;;;;
01/01/2023 13:00;2.351193277;1.175596638;;;;;;;
01/01/2023 14:00;0.642072116;0.321036058;;;;;;;
01/01/2023 15:00;0.674258599;0.3371293;;;;;;;
01/01/2023 16:00;0.540436795;0.270218397;;;;;;;
01/01/2023 17:00;2.165239691;1.082619846;;;;;;;
01/01/2023 18:00;2.056313502;1.028156751;;;;;;;
01/01/2023 19:00;2.240024296;1.120012148;;;;;;;
01/01/2023 20:00;2.457236684;1.228618342;;;;;;;
01/01/2023 21:00;2.098317128;1.049158564;;;;;;;
01/01/2023 22:00;1.422958725;0.711479362;;;;;;;
01/01/2023 23:00;2.061058353;1.030529176;;;;;;;
02/01/2023 00:00;0.736548852;0.368274426;;;;;;;
02/01/2023 01:00;1.779842043;0.889921021;;;;;;;
02/01/2023 02:00;0.786706575;0.393353287;;;;;;;
02/01/2023 03:00;2.389337834;1.194668917;;;;;;;
02/01/2023 04:00;1.543696644;0.771848322;;;;;;;
02/01/2023 05:00;1.32932388;0.66466194;;;;;;;
02/01/2023 06:00;1.029111224;0.514555612;;;;;;;
02/01/2023 07:00;2.048467379;1.024233689;;;;;;;
02/01/2023 08:00;1.412300664;0.706150332;;;;;;;
02/01/2023 09:00;1.636867898;0.818433949;;;;;;;
02/01/2023 10:00;0.537579601;0.2687898;;;;;;;
02/01/2023 11:00;1.735270994;0.867635497;;;;;;;
02/01/2023 12:00;1.724191445;0.862095723;;;;;;;
02/01/2023 13:00;1.733867994;0.866933997;;;;;;;
02/01/2023 14:00;2.387496157;1.193748079;;;;;;;
02/01/2023 15:00;1.863640598;0.931820299;;;;;;;
02/01/2023 16:00;1.219015801;0.609507901;;;;;;;
02/01/2023 17:00;1.374063908;0.687031954;;;;;;;
02/01/2023 18:00;1.895262392;0.947631196;;;;;;;
02/01/2023 19:00;0.620450943;0.310225472;;;;;;;
02/01/2023 20:00;1.833533431;0.916766715;;;;;;;
02/01/2023 21:00;1.841275739;0.92063787;;;;;;;
02/01/2023 22:00;0.920765122;0.460382561;;;;;;;
02/01/2023 23:00;0.757852595;0.378926298;;;;;;;
03/01/2023 00:00;1.130856702;0.565428351;;;;;;;
03/01/2023 01:00;1.227421542;0.613710771;;;;;;;
03/01/2023 02:00;1.640393541;0.82019677;;;;;;;
03/01/2023 03:00;1.377203027;0.688601513;;;;;;;
03/01/2023 04:00;2.476747676;1.238373838;;;;;;;
03/01/2023 05:00;0.704089621;0.352044811;;;;;;;
03/01/2023 06:00;0.917753512;0.458876756;;;;;;;
03/01/2023 07:00;0.822619036;0.411309518;;;;;;;
03/01/2023 08:00;1.806216651;0.903108325;;;;;;;
03/01/2023 09:00;1.006583205;0.503291603;;;;;;;
03/01/2023 10:00;1.432621546;0.716310773;;;;;;;
03/01/2023 11:00;0.988851184;0.494425592;;;;;;;
03/01/2023 12:00;0.817939167;0.408969584;;;;;;;
03/01/2023 13:00;0.720750282;0.360375141;;;;;;;
03/01/2023 14:00;1.812659179;0.906329589;;;;;;;
03/01/2023 15:00;0.776365903;0.388182951;;;;;;;
03/01/2023 16:00;0.893164723;0.446582362;;;;;;;
03/01/2023 17:00;1.237450341;0.618725171;;;;;;;
03/01/2023 18:00;2.14198646;1.07099323;;;;;;;
03/01/2023 19:00;0.694202552;0.347101276;;;;;;;
03/01/2023 20:00;2.175889815;1.087944907;;;;;;;
03/01/2023 21:00;0.692196816;0.346098408;;;;;;;
03/01/2023 22:00;2.45291893;1.226459465;;;;;;;
03/01/2023 23:00;1.437302403;0.718651202;;;;;;;
04/01/2023 00:00;2.453522176;1.226761088;;;;;;;
04/01/2023 01:00;1.709691039;0.85484552;;;;;;;
04/01/2023 02:00;1.978527159;0.989263579;;;;;;;
04/01/2023 03:00;0.578375585;0.289187792;;;;;;;
04/01/2023 04:00;1.065613925;0.532806963;;;;;;;
04/01/2023 05:00;0.740393122;0.370196561;;;;;;;
04/01/2023 06:00;1.092280395;0.546140198;;;;;;;
04/01/2023 07:00;0.737455438;0.368727719;;;;;;;
04/01/2023 08:00;1.135966359;0.567983179;;;;;;;
04/01/2023 09:00;1.328525989;0.664262995;;;;;;;
04/01/2023 10:00;0.628294993;0.314147496;;;;;;;
04/01/2023 11:00;1.884944239;0.942472119;;;;;;;
04/01/2023 12:00;1.633202908;0.816601454;;;;;;;
04/01/2023 13:00;1.030778982;0.515389491;;;;;;;
04/01/2023 14:00;1.546496107;0.773248053;;;;;;;
04/01/2023 15:00;0.687881022;0.343940511;;;;;;;
04/01/2023 16:00;1.651892991;0.825946496;;;;;;;
04/01/2023 17:00;2.358592395;1.179296198;;;;;;;
04/01/2023 18:00;1.137137905;0.568568952;;;;;;;
04/01/2023 19:00;1.83482076;0.91741038;;;;;;;
04/01/2023 20:00;0.763595725;0.381797862;;;;;;;
04/01/2023 21:00;1.932654408;0.966327204;;;;;;;
04/01/2023 22:00;1.078812186;0.539406093;;;;;;;
04/01/2023 23:00;0.866382724;0.433191362;;;;;;;
05/01/2023 00:00;1.67302587;0.836512935;;;;;;;
05/01/2023 01:00;0.540215092;0.270107546;;;;;;;
05/01/2023 02:00;2.157880058;1.078940029;;;;;;;
05/01/2023 03:00;0.509390952;0.254695476;;;;;;;
05/01/2023 04:00;1.855633074;0.927816537;;;;;;;
05/01/2023 05:00;1.040015946;0.520007973;;;;;;;
05/01/2023 06:00;1.970388044;0.985194022;;;;;;;
05/01/2023 07:00;2.42437709;1.212188545;;;;;;;
05/01/2023 08:00;0.997506287;0.498753144;;;;;;;
05/01/2023 09:00;1.652314669;0.826157334;;;;;;;
05/01/2023 10:00;1.684083863;0.842041931;;;;;;;
05/01/2023 11:00;1.644503812;0.822251906;;;;;;;
05/01/2023 12:00;0.946163265;0.473081633;;;;;;;
05/01/2023 13:00;2.405498023;1.202749012;;;;;;;
05/01/2023 14:00;1.394250757;0.697125379;;;;;;;
05/01/2023 15:00;2.192817345;1.096408672;;;;;;;
05/01/2023 16:00;1.898958551;0.949479275;;;;;;;
05/01/2023 17:00;1.094873902;0.547436951;;;;;;;
05/01/2023 18:00;2.127595639;1.06379782;;;;;;;
05/01/2023 19:00;1.293011482;0.646505741;;;;;;;
05/01/2023 20:00;2.262206394;1.131103197;;;;;;;
05/01/2023 21:00;1.662545745;0.831272873;;;;;;;
05/01/2023 22:00;2.263470724;1.131735362;;;;;;;
05/01/2023 23:00;1.88506318;0.94253159;;;;;;;
06/01/2023 00:00;1.95050856;0.97525428;;;;;;;
06/01/2023 01:00;1.502648764;0.751324382;;;;;;;
06/01/2023 02:00;2.412167269;1.206083635;;;;;;;
06/01/2023 03:00;1.787980398;0.893990199;;;;;;;
06/01/2023 04:00;1.347710097;0.673855049;;;;;;;
06/01/2023 05:00;1.712786428;0.856393214;;;;;;;
06/01/2023 06:00;0.538386397;0.269193198;;;;;;;
06/01/2023 07:00;1.103149633;0.551574817;;;;;;;
06/01/2023 08:00;1.820347075;0.910173537;;;;;;;
06/01/2023 09:00;1.080155214;0.540077607;;;;;;;
06/01/2023 10:00;1.736030858;0.868015429;;;;;;;
06/01/2023 11:00;1.357537402;0.678768701;;;;;;;
06/01/2023 12:00;0.770948128;0.385474064;;;;;;;
06/01/2023 13:00;1.096564652;0.548282326;;;;;;;
06/01/2023 14:00;1.639929821;0.819964911;;;;;;;
06/01/2023 15:00;1.681745522;0.840872761;;;;;;;
06/01/2023 16:00;1.648650498;0.824325249;;;;;;;
06/01/2023 17:00;1.80640164;0.90320082;;;;;;;
06/01/2023 18:00;1.80420654;0.90210327;;;;;;;
06/01/2023 19:00;1.362836871;0.681418435;;;;;;;
06/01/2023 20:00;2.293093192;1.146546596;;;;;;;
06/01/2023 21:00;1.23512374;0.61756187;;;;;;;
06/01/2023 22:00;1.371729851;0.685864925;;;;;;;
06/01/2023 23:00;2.28384671;1.141923355;;;;;;;
07/01/2023 00:00;2.112387978;1.056193989;;;;;;;
07/01/2023 01:00;1.907777167;0.953888584;;;;;;;
07/01/2023 02:00;0.700453775;0.350226887;;;;;;;
07/01/2023 03:00;2.338965227;1.169482614;;;;;;;
07/01/2023 04:00;1.928482599;0.9642413;;;;;;;
07/01/2023 05:00;2.497694013;1.248847007;;;;;;;
07/01/2023 06:00;0.798896609;0.399448305;;;;;;;
07/01/2023 07:00;2.236252115;1.118126057;;;;;;;
07/01/2023 08:00;0.824985869;0.412492935;;;;;;;
07/01/2023 09:00;1.731119129;0.865559564;;;;;;;
07/01/2023 10:00;0.747639966;0.373819983;;;;;;;
07/01/2023 11:00;2.196016459;1.098008229;;;;;;;
07/01/2023 12:00;2.114637917;1.057318959;;;;;;;
07/01/2023 13:00;1.638201477;0.819100739;;;;;;;
07/01/2023 14:00;1.314366594;0.657183297;;;;;;;
07/01/2023 15:00;0.638333991;0.319166995;;;;;;;
07/01/2023 16:00;1.894857546;0.947428773;;;;;;;
07/01/2023 17:00;1.407085365;0.703542683;;;;;;;
07/01/2023 18:00;1.944111199;0.972055599;;;;;;;
07/01/2023 19:00;2.232764652;1.116382326;;;;;;;
07/01/2023 20:00;2.45104301;1.225521505;;;;;;;
07/01/2023 21:00;2.211606685;1.105803342;;;;;;;
07/01/2023 22:00;0.523428168;0.261714084;;;;;;;
07/01/2023 23:00;1.219956129;0.609978064;;;;;;;
08/01/2023 00:00;1.959981125;0.979990562;;;;;;;
08/01/2023 01:00;0.843259355;0.421629677;;;;;;;
08/01/2023 02:00;1.542073212;0.771036606;;;;;;;
08/01/2023 03:00;0.608675977;0.304337988;;;;;;;
08/01/2023 04:00;0.89999305;0.449996525;;;;;;;
08/01/2023 05:00;0.537043589;0.268521794;;;;;;;
08/01/2023 06:00;2.087395407;1.043697703;;;;;;;
08/01/2023 07:00;0.947849376;0.473924688;;;;;;;
08/01/2023 08:00;1.190703361;0.595351681;;;;;;;
08/01/2023 09:00;2.356162587;1.178081293;;;;;;;
08/01/2023 10:00;1.908828804;0.954414402;;;;;;;
08/01/2023 11:00;0.563677859;0.28183893;;;;;;;
08/01/2023 12:00;0.829388313;0.414694156;;;;;;;
08/01/2023 13:00;1.742956803;0.871478401;;;;;;;
08/01/2023 14:00;1.654457177;0.827228589;;;;;;;
08/01/2023 15:00;0.975785643;0.487892821;;;;;;;
08/01/2023 16:00;2.368427996;1.184213998;;;;;;;
08/01/2023 17:00;1.727931912;0.863965956;;;;;;;
08/01/2023 18:00;1.571265606;0.785632803;;;;;;;
08/01/2023 19:00;1.679819953;0.839909976;;;;;;;
08/01/2023 20:00;1.960244059;0.98012203;;;;;;;
08/01/2023 21:00;1.123889991;0.561944995;;;;;;;
08/01/2023 22:00;1.296442124;0.648221062;;;;;;;
08/01/2023 23:00;0.919687498;0.459843749;;;;;;;
09/01/2023 00:00;0.872386012;0.436193006;;;;;;;
09/01/2023 01:00;2.38874478;1.19437239;;;;;;;
09/01/2023 02:00;1.97910159;0.989550795;;;;;;;
09/01/2023 03:00;1.480917617;0.740458809;;;;;;;
09/01/2023 04:00;0.954829256;0.477414628;;;;;;;
09/01/2023 05:00;1.008712964;0.504356482;;;;;;;
09/01/2023 06:00;0.616058321;0.30802916;;;;;;;
09/01/2023 07:00;1.368833251;0.684416626;;;;;;;
09/01/2023 08:00;1.123591764;0.561795882;;;;;;;
09/01/2023 09:00;1.892686978;0.946343489;;;;;;;
09/01/2023 10:00;1.255503679;0.627751839;;;;;;;
09/01/2023 11:00;0.859207355;0.429603678;;;;;;;
09/01/2023 12:00;0.549357457;0.274678728;;;;;;;
09/01/2023 13:00;0.634499263;0.317249631;;;;;;;
09/01/2023 14:00;1.858785547;0.929392773;;;;;;;
09/01/2023 15:00;1.407393689;0.703696845;;;;;;;
09/01/2023 16:00;1.573158422;0.786579211;;;;;;;
09/01/2023 17:00;2.293342586;1.146671293;;;;;;;
09/01/2023 18:00;2.480677895;1.240338947;;;;;;;
09/01/2023 19:00;0.933793969;0.466896984;;;;;;;
09/01/2023 20:00;1.826156406;0.913078203;;;;;;;
09/01/2023 21:00;1.026644753;0.513322377;;;;;;;
09/01/2023 22:00;0.541301999;0.270650999;;;;;;;
09/01/2023 23:00;2.016757308;1.008378654;;;;;;;
10/01/2023 00:00;1.140034302;0.570017151;;;;;;;
10/01/2023 01:00;1.266927788;0.633463894;;;;;;;
10/01/2023 02:00;1.676634227;0.838317114;;;;;;;
10/01/2023 03:00;2.16209691;1.081048455;;;;;;;
10/01/2023 04:00;1.757963687;0.878981844;;;;;;;
10/01/2023 05:00;2.245301311;1.122650655;;;;;;;
10/01/2023 06:00;1.04708407;0.523542035;;;;;;;
10/01/2023 07:00;2.096093668;1.048046834;;;;;;;
10/01/2023 08:00;0.871271889;0.435635944;;;;;;;
10/01/2023 09:00;2.405583314;1.202791657;;;;;;;
10/01/2023 10:00;1.874976553;0.937488276;;;;;;;
10/01/2023 11:00;0.931015354;0.465507677;;;;;;;
10/01/2023 12:00;2.394741181;1.19737059;;;;;;;
10/01/2023 13:00;1.961711614;0.980855807;;;;;;;
10/01/2023 14:00;1.007883285;0.503941643;;;;;;;
10/01/2023 15:00;0.926623955;0.463311977;;;;;;;
10/01/2023 16:00;1.536401428;0.768200714;;;;;;;
10/01/2023 17:00;0.551325436;0.275662718;;;;;;;
10/01/2023 18:00;0.914940151;0.457470075;;;;;;;
10/01/2023 19:00;1.349370938;0.674685469;;;;;;;
10/01/2023 20:00;1.248339961;0.62416998;;;;;;;
10/01/2023 21:00;1.427150849;0.713575424;;;;;;;
10/01/2023 22:00;1.055257413;0.527628706;;;;;;;
10/01/2023 23:00;1.673568693;0.836784346;;;;;;;
11/01/2023 00:00;2.227711212;1.113855606;;;;;;;
11/01/2023 01:00;0.735063712;0.367531856;;;;;;;
11/01/2023 02:00;1.534758214;0.767379107;;;;;;;
11/01/2023 03:00;0.764136213;0.382068106;;;;;;;
11/01/2023 04:00;1.933719362;0.966859681;;;;;;;
11/01/2023 05:00;1.292119406;0.646059703;;;;;;;
11/01/2023 06:00;1.630842624;0.815421312;;;;;;;
11/01/2023 07:00;0.866559672;0.433279836;;;;;;;
11/01/2023 08:00;0.789695519;0.394847759;;;;;;;
11/01/2023 09:00;1.476112561;0.738056281;;;;;;;
11/01/2023 10:00;1.211225476;0.605612738;;;;;;;
11/01/2023 11:00;2.380863891;1.190431945;;;;;;;
11/01/2023 12:00;2.030650508;1.015325254;;;;;;;
11/01/2023 13:00;1.99732724;0.99866362;;;;;;;
11/01/2023 14:00;2.307439479;1.15371974;;;;;;;
11/01/2023 15:00;0.666844871;0.333422435;;;;;;;
11/01/2023 16:00;1.60438494;0.80219247;;;;;;;
11/01/2023 17:00;1.668952138;0.834476069;;;;;;;
11/01/2023 18:00;2.423872757;1.211936379;;;;;;;
11/01/2023 19:00;1.084295054;0.542147527;;;;;;;
11/01/2023 20:00;0.98165756;0.49082878;;;;;;;
11/01/2023 21:00;0.700587885;0.350293942;;;;;;;
11/01/2023 22:00;0.532859259;0.26642963;;;;;;;
11/01/2023 23:00;2.359058634;1.179529317;;;;;;;
12/01/2023 00:00;1.839833093;0.919916547;;;;;;;
12/01/2023 01:00;2.070305824;1.035152912;;;;;;;
12/01/2023 02:00;1.063460212;0.531730106;;;;;;;
12/01/2023 03:00;1.672820332;0.836410166;;;;;;;
12/01/2023 04:00;0.627910532;0.313955266;;;;;;;
12/01/2023 05:00;1.471255192;0.735627596;;;;;;;
12/01/2023 06:00;2.454990279;1.22749514;;;;;;;
12/01/2023 07:00;2.253010491;1.126505245;;;;;;;
12/01/2023 08:00;1.176317904;0.588158952;;;;;;;
12/01/2023 09:00;2.423140309;1.211570155;;;;;;;
12/01/2023 10:00;0.963403253;0.481701626;;;;;;;
12/01/2023 11:00;2.398637645;1.199318822;;;;;;;
12/01/2023 12:00;2.382755409;1.191377705;;;;;;;
12/01/2023 13:00;2.098405175;1.049202587;;;;;;;
12/01/2023 14:00;1.760895874;0.880447937;;;;;;;
12/01/2023 15:00;2.248575933;1.124287967;;;;;;;
12/01/2023 16:00;1.086040569;0.543020285;;;;;;;
12/01/2023 17:00;2.197887111;1.098943555;;;;;;;
12/01/2023 18:00;1.735753384;0.867876692;;;;;;;
12/01/2023 19:00;0.526473716;0.263236858;;;;;;;
12/01/2023 20:00;1.194467036;0.597233518;;;;;;;
12/01/2023 21:00;0.796281722;0.398140861;;;;;;;
12/01/2023 22:00;2.46365878;1.23182939;;;;;;;
12/01/2023 23:00;1.456740614;0.728370307;;;;;;;
13/01/2023 00:00;1.494782731;0.747391365;;;;;;;
13/01/2023 01:00;1.778945033;0.889472516;;;;;;;
13/01/2023 02:00;1.237169212;0.618584606;;;;;;;
13/01/2023 03:00;0.773800543;0.386900272;;;;;;;
13/01/2023 04:00;2.144235466;1.072117733;;;;;;;
13/01/2023 05:00;0.879695824;0.439847912;;;;;;;
13/01/2023 06:00;1.522637965;0.761318983;;;;;;;
13/01/2023 07:00;0.948634058;0.474317029;;;;;;;
13/01/2023 08:00;0.695688969;0.347844484;;;;;;;
13/01/2023 09:00;2.224383035;1.112191517;;;;;;;
13/01/2023 10:00;2.445838978;1.222919489;;;;;;;
13/01/2023 11:00;2.421669316;1.210834658;;;;;;;
13/01/2023 12:00;2.313110998;1.156555499;;;;;;;
13/01/2023 13:00;2.048094665;1.024047333;;;;;;;
13/01/2023 14:00;1.166290304;0.583145152;;;;;;;
13/01/2023 15:00;0.66220278;0.33110139;;;;;;;
13/01/2023 16:00;1.314482343;0.657241171;;;;;;;
13/01/2023 17:00;0.964468284;0.482234142;;;;;;;
13/01/2023 18:00;0.76497527;0.382487635;;;;;;;
13/01/2023 19:00;0.606854364;0.303427182;;;;;;;
13/01/2023 20:00;1.951188728;0.975594364;;;;;;;
13/01/2023 21:00;0.522854917;0.261427459;;;;;;;
13/01/2023 22:00;2.041161497;1.020580749;;;;;;;
13/01/2023 23:00;0.793893291;0.396946645;;;;;;;
14/01/2023 00:00;0.659044165;0.329522083;;;;;;;
14/01/2023 01:00;0.679206068;0.339603034;;;;;;;
14/01/2023 02:00;1.844095615;0.922047807;;;;;;;
14/01/2023 03:00;0.99073442;0.49536721;;;;;;;
14/01/2023 04:00;1.341078933;0.670539467;;;;;;;
14/01/2023 05:00;1.614737583;0.807368791;;;;;;;
14/01/2023 06:00;2.221102348;1.110551174;;;;;;;
14/01/2023 07:00;1.954088525;0.977044263;;;;;;;
14/01/2023 08:00;1.04065581;0.520327905;;;;;;;
14/01/2023 09:00;0.762965599;0.381482799;;;;;;;
14/01/2023 10:00;0.610748641;0.30537432;;;;;;;
14/01/2023 11:00;1.103197269;0.551598634;;;;;;;
14/01/2023 12:00;1.024236298;0.512118149;;;;;;;
14/01/2023 13:00;1.412281134;0.706140567;;;;;;;
14/01/2023 14:00;1.866562671;0.933281336;;;;;;;
14/01/2023 15:00;1.891250891;0.945625446;;;;;;;
14/01/2023 16:00;1.067037693;0.533518847;;;;;;;
14/01/2023 17:00;1.259853912;0.629926956;;;;;;;
14/01/2023 18:00;0.862301923;0.431150962;;;;;;;
14/01/2023 19:00;2.077091025;1.038545512;;;;;;;
14/01/2023 20:00;0.613696153;0.306848076;;;;;;;
14/01/2023 21:00;1.893994483;0.946997242;;;;;;;
14/01/2023 22:00;2.057390792;1.028695396;;;;;;;
14/01/2023 23:00;2.054815124;1.027407562;;;;;;;
15/01/2023 00:00;1.018845129;0.509422564;;;;;;;
15/01/2023 01:00;1.247626276;0.623813138;;;;;;;
15/01/2023 02:00;1.67519927;0.837599635;;;;;;;
15/01/2023 03:00;1.045643805;0.522821902;;;;;;;
15/01/2023 04:00;1.241705598;0.620852799;;;;;;;
15/01/2023 05:00;0.89410856;0.44705428;;;;;;;
15/01/2023 06:00;1.419711768;0.709855884;;;;;;;
15/01/2023 07:00;0.589224603;0.294612301;;;;;;;
15/01/2023 08:00;2.099591769;1.049795885;;;;;;;
15/01/2023 09:00;0.653912894;0.326956447;;;;;;;
15/01/2023 10:00;1.537670298;0.768835149;;;;;;;
15/01/2023 11:00;1.113620199;0.5568101;;;;;;;
15/01/2023 12:00;1.655085898;0.827542949;;;;;;;
15/01/2023 13:00;2.418866682;1.209433341;;;;;;;
15/01/2023 14:00;1.791140489;0.895570244;;;;;;;
15/01/2023 15:00;0.570724872;0.285362436;;;;;;;
15/01/2023 16:00;1.360804879;0.68040244;;;;;;;
15/01/2023 17:00;1.520033705;0.760016852;;;;;;;
15/01/2023 18:00;1.572354989;0.786177495;;;;;;;
15/01/2023 19:00;1.862785021;0.931392511;;;;;;;
15/01/2023 20:00;1.055192195;0.527596098;;;;;;;
15/01/2023 21:00;0.757721131;0.378860565;;;;;;;
15/01/2023 22:00;1.285351353;0.642675677;;;;;;;
15/01/2023 23:00;2.412811446;1.206405723;;;;;;;
16/01/2023 00:00;0.874261784;0.437130892;;;;;;;
16/01/2023 01:00;2.30796791;1.153983955;;;;;;;
16/01/2023 02:00;1.5876119;0.79380595;;;;;;;
16/01/2023 03:00;1.413822843;0.706911422;;;;;;;
16/01/2023 04:00;2.26408282;1.13204141;;;;;;;
16/01/2023 05:00;1.417207924;0.708603962;;;;;;;
16/01/2023 06:00;1.948335273;0.974167637;;;;;;;
16/01/2023 07:00;1.298050643;0.649025322;;;;;;;
16/01/2023 08:00;2.308088786;1.154044393;;;;;;;
16/01/2023 09:00;1.88005004;0.94002502;;;;;;;
16/01/2023 10:00;1.899244109;0.949622054;;;;;;;
16/01/2023 11:00;1.155440803;0.577720402;;;;;;;
16/01/2023 12:00;2.013557285;1.006778643;;;;;;;
16/01/2023 13:00;1.772122111;0.886061055;;;;;;;
16/01/2023 14:00;0.980040547;0.490020273;;;;;;;
16/01/2023 15:00;0.821077645;0.410538822;;;;;;;
16/01/2023 16:00;2.092782949;1.046391475;;;;;;;
16/01/2023 17:00;2.418333206;1.209166603;;;;;;;
16/01/2023 18:00;1.416277655;0.708138827;;;;;;;
16/01/2023 19:00;1.681968331;0.840984165;;;;;;;
16/01/2023 20:00;2.215445288;1.107722644;;;;;;;
16/01/2023 21:00;1.414446907;0.707223453;;;;;;;
16/01/2023 22:00;2.403748954;1.201874477;;;;;;;
16/01/2023 23:00;1.651502324;0.825751162;;;;;;;
17/01/2023 00:00;2.141534241;1.070767121;;;;;;;
17/01/2023 01:00;2.317687437;1.158843718;;;;;;;
17/01/2023 02:00;2.131047638;1.065523819;;;;;;;
17/01/2023 03:00;0.818828927;0.409414463;;;;;;;
17/01/2023 04:00;1.757796878;0.878898439;;;;;;;
17/01/2023 05:00;1.296868517;0.648434259;;;;;;;
17/01/2023 06:00;0.625425904;0.312712952;;;;;;;
17/01/2023 07:00;1.348064504;0.674032252;;;;;;;
17/01/2023 08:00;1.017368134;0.508684067;;;;;;;
17/01/2023 09:00;2.198076617;1.099038308;;;;;;;
17/01/2023 10:00;0.566609253;0.283304627;;;;;;;
17/01/2023 11:00;2.417965444;1.208982722;;;;;;;
17/01/2023 12:00;1.210737697;0.605368848;;;;;;;
17/01/2023 13:00;1.213413781;0.60670689;;;;;;;
17/01/2023 14:00;0.532657005;0.266328503;;;;;;;
17/01/2023 15:00;0.87046465;0.435232325;;;;;;;
17/01/2023 16:00;1.302519002;0.651259501;;;;;;;
17/01/2023 17:00;2.358582835;1.179291417;;;;;;;
17/01/2023 18:00;0.69922986;0.34961493;;;;;;;
17/01/2023 19:00;2.390603067;1.195301533;;;;;;;
17/01/2023 20:00;2.238977061;1.119488531;;;;;;;
17/01/2023 21:00;1.408324794;0.704162397;;;;;;;
17/01/2023 22:00;1.153401764;0.576700882;;;;;;;
17/01/2023 23:00;0.965488259;0.482744129;;;;;;;
18/01/2023 00:00;1.728929413;0.864464706;;;;;;;
18/01/2023 01:00;0.566149183;0.283074591;;;;;;;
18/01/2023 02:00;0.531212129;0.265606064;;;;;;;
18/01/2023 03:00;1.357591445;0.678795722;;;;;;;
18/01/2023 04:00;0.636148148;0.318074074;;;;;;;
18/01/2023 05:00;1.003881976;0.501940988;;;;;;;
18/01/2023 06:00;0.942321831;0.471160915;;;;;;;
18/01/2023 07:00;1.006382387;0.503191194;;;;;;;
18/01/2023 08:00;0.762110462;0.381055231;;;;;;;
18/01/2023 09:00;0.524072446;0.262036223;;;;;;;
18/01/2023 10:00;0.730968594;0.365484297;;;;;;;
18/01/2023 11:00;1.736960519;0.86848026;;;;;;;
18/01/2023 12:00;2.448512426;1.224256213;;;;;;;
18/01/2023 13:00;2.480690003;1.240345002;;;;;;;
18/01/2023 14:00;1.318108191;0.659054095;;;;;;;
18/01/2023 15:00;0.825908852;0.412954426;;;;;;;
18/01/2023 16:00;1.777523515;0.888761757;;;;;;;
18/01/2023 17:00;1.480610693;0.740305347;;;;;;;
18/01/2023 18:00;2.478819555;1.239409777;;;;;;;
18/01/2023 19:00;0.630608414;0.315304207;;;;;;;
18/01/2023 20:00;2.066468877;1.033234438;;;;;;;
18/01/2023 21:00;1.076796995;0.538398497;;;;;;;
18/01/2023 22:00;0.98283724;0.49141862;;;;;;;
18/01/2023 23:00;1.825009143;0.912504572;;;;;;;
19/01/2023 00:00;0.99212637;0.496063185;;;;;;;
19/01/2023 01:00;1.831718235;0.915859118;;;;;;;
19/01/2023 02:00;1.534617034;0.767308517;;;;;;;
19/01/2023 03:00;1.348177977;0.674088988;;;;;;;
19/01/2023 04:00;1.609375617;0.804687809;;;;;;;
19/01/2023 05:00;1.07410304;0.53705152;;;;;;;
19/01/2023 06:00;1.913149413;0.956574706;;;;;;;
19/01/2023 07:00;1.329713739;0.664856869;;;;;;;
19/01/2023 08:00;1.221091121;0.61054556;;;;;;;
19/01/2023 09:00;2.157313829;1.078656915;;;;;;;
19/01/2023 10:00;2.349933824;1.174966912;;;;;;;
19/01/2023 11:00;0.592014622;0.296007311;;;;;;;
19/01/2023 12:00;0.965253986;0.482626993;;;;;;;
19/01/2023 13:00;1.197038739;0.598519369;;;;;;;
19/01/2023 14:00;2.129932959;1.064966479;;;;;;;
19/01/2023 15:00;2.470982855;1.235491428;;;;;;;
19/01/2023 16:00;2.437943409;1.218971705;;;;;;;
19/01/2023 17:00;2.309896691;1.154948346;;;;;;;
19/01/2023 18:00;1.09311253;0.546556265;;;;;;;
19/01/2023 19:00;2.484022487;1.242011243;;;;;;;
19/01/2023 20:00;0.998840082;0.499420041;;;;;;;
19/01/2023 21:00;0.71181231;0.355906155;;;;;;;
19/01/2023 22:00;2.401905222;1.200952611;;;;;;;
19/01/2023 23:00;0.966840511;0.483420255;;;;;;;
20/01/2023 00:00;1.87953653;0.939768265;;;;;;;
20/01/2023 01:00;0.616712718;0.308356359;;;;;;;
20/01/2023 02:00;1.961418198;0.980709099;;;;;;;
20/01/2023 03:00;2.263440425;1.131720212;;;;;;;
20/01/2023 04:00;1.044873791;0.522436895;;;;;;;
20/01/2023 05:00;1.258113792;0.629056896;;;;;;;
20/01/2023 06:00;1.248592367;0.624296183;;;;;;;
20/01/2023 07:00;1.997576515;0.998788258;;;;;;;
20/01/2023 08:00;0.975614485;0.487807243;;;;;;;
20/01/2023 09:00;0.843706198;0.421853099;;;;;;;
20/01/2023 10:00;1.398583297;0.699291649;;;;;;;
20/01/2023 11:00;1.108936815;0.554468407;;;;;;;
20/01/2023 12:00;2.178378245;1.089189122;;;;;;;
20/01/2023 13:00;0.975483652;0.487741826;;;;;;;
20/01/2023 14:00;1.504778915;0.752389457;;;;;;;
20/01/2023 15:00;2.385167199;1.1925836;;;;;;;
20/01/2023 16:00;1.767995395;0.883997698;;;;;;;
20/01/2023 17:00;2.234578811;1.117289405;;;;;;;
20/01/2023 18:00;2.380419379;1.190209689;;;;;;;
20/01/2023 19:00;2.001529724;1.000764862;;;;;;;
20/01/2023 20:00;1.89915012;0.94957506;;;;;;;
20/01/2023 21:00;2.435931133;1.217965567;;;;;;;
20/01/2023 22:00;2.488801579;1.24440079;;;;;;;
20/01/2023 23:00;1.403643365;0.701821683;;;;;;;
21/01/2023 00:00;0.641739556;0.320869778;;;;;;;
21/01/2023 01:00;1.085588063;0.542794031;;;;;;;
21/01/2023 02:00;0.804709411;0.402354706;;;;;;;
21/01/2023 03:00;1.33497275;0.667486375;;;;;;;
21/01/2023 04:00;0.762578657;0.381289328;;;;;;;
21/01/2023 05:00;1.708235608;0.854117804;;;;;;;
21/01/2023 06:00;1.265616118;0.632808059;;;;;;;
21/01/2023 07:00;2.290771769;1.145385884;;;;;;;
21/01/2023 08:00;2.435589344;1.217794672;;;;;;;
21/01/2023 09:00;1.593769803;0.796884902;;;;;;;
21/01/2023 10:00;1.04964714;0.52482357;;;;;;;
21/01/2023 11:00;1.684460838;0.842230419;;;;;;;
21/01/2023 12:00;2.293522316;1.146761158;;;;;;;
21/01/2023 13:00;1.313466692;0.656733346;;;;;;;
21/01/2023 14:00;1.604156553;0.802078277;;;;;;;
21/01/2023 15:00;1.043305535;0.521652768;;;;;;;
21/01/2023 16:00;1.410888299;0.705444149;;;;;;;
21/01/2023 17:00;1.303427071;0.651713535;;;;;;;
21/01/2023 18:00;0.99682693;0.498413465;;;;;;;
21/01/2023 19:00;1.511732768;0.755866384;;;;;;;
21/01/2023 20:00;1.120761652;0.560380826;;;;;;;
21/01/2023 21:00;1.246069728;0.623034864;;;;;;;
21/01/2023 22:00;1.549940885;0.774970442;;;;;;;
21/01/2023 23:00;2.001190046;1.000595023;;;;;;;
22/01/2023 00:00;1.167014932;0.583507466;;;;;;;
22/01/2023 01:00;2.348317533;1.174158767;;;;;;;
22/01/2023 02:00;2.224637094;1.112318547;;;;;;;
22/01/2023 03:00;0.597380592;0.298690296;;;;;;;
22/01/2023 04:00;1.007285049;0.503642524;;;;;;;
22/01/2023 05:00;1.392271025;0.696135513;;;;;;;
22/01/2023 06:00;0.709255777;0.354627889;;;;;;;
22/01/2023 07:00;1.196951978;0.598475989;;;;;;;
22/01/2023 08:00;1.980195051;0.990097526;;;;;;;
22/01/2023 09:00;1.861028962;0.930514481;;;;;;;
22/01/2023 10:00;1.744768857;0.872384429;;;;;;;
22/01/2023 11:00;1.921056805;0.960528403;;;;;;;
22/01/2023 12:00;0.909847374;0.454923687;;;;;;;
22/01/2023 13:00;1.18339623;0.591698115;;;;;;;
22/01/2023 14:00;1.852484965;0.926242482;;;;;;;
22/01/2023 15:00;2.258469526;1.129234763;;;;;;;
22/01/2023 16:00;1.587356108;0.793678054;;;;;;;
22/01/2023 17:00;1.065399302;0.532699651;;;;;;;
22/01/2023 18:00;0.560470516;0.280235258;;;;;;;
22/01/2023 19:00;1.920673658;0.960336829;;;;;;;
22/01/2023 20:00;0.515768207;0.257884104;;;;;;;
22/01/2023 21:00;1.24535814;0.62267907;;;;;;;
22/01/2023 22:00;1.561074429;0.780537215;;;;;;;
22/01/2023 23:00;2.344222924;1.172111462;;;;;;;
23/01/2023 00:00;0.67898909;0.339494545;;;;;;;
23/01/2023 01:00;1.311884644;0.655942322;;;;;;;
23/01/2023 02:00;0.548626399;0.2743132;;;;;;;
23/01/2023 03:00;1.185221969;0.592610984;;;;;;;
23/01/2023 04:00;1.744462118;0.872231059;;;;;;;
23/01/2023 05:00;1.058135896;0.529067948;;;;;;;
23/01/2023 06:00;0.919499899;0.45974995;;;;;;;
23/01/2023 07:00;0.731406467;0.365703233;;;;;;;
23/01/2023 08:00;1.654280488;0.827140244;;;;;;;
23/01/2023 09:00;1.890540012;0.945270006;;;;;;;
23/01/2023 10:00;1.843914281;0.921957141;;;;;;;
23/01/2023 11:00;2.397722041;1.198861021;;;;;;;
23/01/2023 12:00;0.505406428;0.252703214;;;;;;;
23/01/2023 13:00;1.794393308;0.897196654;;;;;;;
23/01/2023 14:00;1.700784474;0.850392237;;;;;;;
23/01/2023 15:00;1.67747922;0.83873961;;;;;;;
23/01/2023 16:00;2.42554064;1.21277032;;;;;;;
23/01/2023 17:00;0.533743347;0.266871673;;;;;;;
23/01/2023 18:00;1.892964861;0.946482431;;;;;;;
23/01/2023 19:00;2.127357299;1.06367865;;;;;;;
23/01/2023 20:00;1.519614393;0.759807197;;;;;;;
23/01/2023 21:00;1.167929739;0.58396487;;;;;;;
23/01/2023 22:00;2.081680326;1.040840163;;;;;;;
23/01/2023 23:00;0.694485851;0.347242926;;;;;;;
24/01/2023 00:00;1.384071275;0.692035638;;;;;;;
24/01/2023 01:00;1.539904749;0.769952375;;;;;;;
24/01/2023 02:00;1.887912822;0.943956411;;;;;;;
24/01/2023 03:00;0.681771464;0.340885732;;;;;;;
24/01/2023 04:00;0.955519003;0.477759502;;;;;;;
24/01/2023 05:00;1.320603125;0.660301563;;;;;;;
24/01/2023 06:00;1.746589346;0.873294673;;;;;;;
24/01/2023 07:00;2.273921562;1.136960781;;;;;;;
24/01/2023 08:00;1.737652336;0.868826168;;;;;;;
24/01/2023 09:00;0.766922942;0.383461471;;;;;;;
24/01/2023 10:00;2.461160266;1.230580133;;;;;;;
24/01/2023 11:00;2.24357147;1.121785735;;;;;;;
24/01/2023 12:00;1.505441522;0.752720761;;;;;;;
24/01/2023 13:00;2.344695964;1.172347982;;;;;;;
24/01/2023 14:00;1.582761588;0.791380794;;;;;;;
24/01/2023 15:00;2.346612136;1.173306068;;;;;;;
24/01/2023 16:00;2.159794737;1.079897369;;;;;;;
24/01/2023 17:00;2.436572821;1.21828641;;;;;;;
24/01/2023 18:00;2.339565622;1.169782811;;;;;;;
24/01/2023 19:00;0.572067635;0.286033817;;;;;;;
24/01/2023 20:00;0.849544008;0.424772004;;;;;;;
24/01/2023 21:00;1.278269354;0.639134677;;;;;;;
24/01/2023 22:00;2.404285395;1.202142697;;;;;;;
24/01/2023 23:00;1.100057839;0.550028919;;;;;;;
25/01/2023 00:00;0.820935288;0.410467644;;;;;;;
25/01/2023 01:00;2.272609332;1.136304666;;;;;;;
25/01/2023 02:00;1.392788831;0.696394415;;;;;;;
25/01/2023 03:00;2.315751189;1.157875594;;;;;;;
25/01/2023 04:00;0.820460933;0.410230466;;;;;;;
25/01/2023 05:00;1.822235023;0.911117512;;;;;;;
25/01/2023 06:00;1.380527506;0.690263753;;;;;;;
25/01/2023 07:00;0.652973538;0.326486769;;;;;;;
25/01/2023 08:00;1.892926289;0.946463145;;;;;;;
25/01/2023 09:00;0.994797511;0.497398756;;;;;;;
25/01/2023 10:00;0.579231045;0.289615523;;;;;;;
25/01/2023 11:00;0.619888596;0.309944298;;;;;;;
25/01/2023 12:00;0.622157074;0.311078537;;;;;;;
25/01/2023 13:00;2.315465915;1.157732957;;;;;;;
25/01/2023 14:00;1.979767836;0.989883918;;;;;;;
25/01/2023 15:00;2.296124714;1.148062357;;;;;;;
25/01/2023 16:00;1.845164623;0.922582311;;;;;;;
25/01/2023 17:00;1.557879858;0.778939929;;;;;;;
25/01/2023 18:00;1.108892729;0.554446364;;;;;;;
25/01/2023 19:00;2.495924503;1.247962251;;;;;;;
25/01/2023 20:00;1.224378118;0.612189059;;;;;;;
25/01/2023 21:00;1.441297898;0.720648949;;;;;;;
25/01/2023 22:00;1.25649035;0.628245175;;;;;;;
25/01/2023 23:00;2.459053859;1.229526929;;;;;;;
26/01/2023 00:00;0.849316771;0.424658385;;;;;;;
26/01/2023 01:00;1.155976002;0.577988001;;;;;;;
26/01/2023 02:00;1.860697332;0.930348666;;;;;;;
26/01/2023 03:00;0.626415237;0.313207618;;;;;;;
26/01/2023 04:00;1.714498748;0.857249374;;;;;;;
26/01/2023 05:00;1.455293006;0.727646503;;;;;;;
26/01/2023 06:00;1.067999954;0.533999977;;;;;;;
26/01/2023 07:00;0.976826562;0.488413281;;;;;;;
26/01/2023 08:00;1.529025487;0.764512743;;;;;;;
26/01/2023 09:00;1.235855161;0.617927581;;;;;;;
26/01/2023 10:00;1.413039783;0.706519891;;;;;;;
26/01/2023 11:00;1.174954764;0.587477382;;;;;;;
26/01/2023 12:00;2.440987387;1.220493694;;;;;;;
26/01/2023 13:00;0.766878863;0.383439432;;;;;;;
26/01/2023 14:00;0.693607906;0.346803953;;;;;;;
26/01/2023 15:00;1.186783458;0.593391729;;;;;;;
26/01/2023 16:00;1.682053802;0.841026901;;;;;;;
26/01/2023 17:00;1.818352944;0.909176472;;;;;;;
26/01/2023 18:00;1.294513494;0.647256747;;;;;;;
26/01/2023 19:00;2.498555988;1.249277994;;;;;;;
26/01/2023 20:00;1.203785992;0.601892996;;;;;;;
26/01/2023 21:00;1.942813336;0.971406668;;;;;;;
26/01/2023 22:00;1.775165389;0.887582695;;;;;;;
26/01/2023 23:00;2.126107726;1.063053863;;;;;;;
27/01/2023 00:00;2.452451327;1.226225663;;;;;;;
27/01/2023 01:00;2.279587313;1.139793656;;;;;;;
27/01/2023 02:00;2.029123949;1.014561974;;;;;;;
27/01/2023 03:00;1.896496956;0.948248478;;;;;;;
27/01/2023 04:00;1.170996339;0.58549817;;;;;;;
27/01/2023 05:00;0.795371156;0.397685578;;;;;;;
27/01/2023 06:00;0.625272006;0.312636003;;;;;;;
27/01/2023 07:00;0.983803408;0.491901704;;;;;;;
27/01/2023 08:00;1.364562962;0.682281481;;;;;;;
27/01/2023 09:00;1.543992547;0.771996274;;;;;;;
27/01/2023 10:00;2.046167108;1.023083554;;;;;;;
27/01/2023 11:00;2.417481846;1.208740923;;;;;;;
27/01/2023 12:00;0.734640961;0.36732048;;;;;;;
27/01/2023 13:00;0.71400828;0.35700414;;;;;;;
27/01/2023 14:00;1.679389446;0.839694723;;;;;;;
27/01/2023 15:00;1.990796148;0.995398074;;;;;;;
27/01/2023 16:00;2.196300761;1.09815038;;;;;;;
27/01/2023 17:00;2.37166416;1.18583208;;;;;;;
27/01/2023 18:00;2.466852485;1.233426242;;;;;;;
27/01/2023 19:00;1.299603384;0.649801692;;;;;;;
27/01/2023 20:00;1.260670367;0.630335184;;;;;;;
27/01/2023 21:00;0.795617353;0.397808677;;;;;;;
27/01/2023 22:00;1.869868877;0.934934439;;;;;;;
27/01/2023 23:00;1.813523917;0.906761958;;;;;;;
28/01/2023 00:00;2.224125192;1.112062596;;;;;;;
28/01/2023 01:00;0.69451599;0.347257995;;;;;;;
28/01/2023 02:00;1.495553816;0.747776908;;;;;;;
28/01/2023 03:00;1.662163859;0.83108193;;;;;;;
28/01/2023 04:00;0.98311408;0.49155704;;;;;;;
28/01/2023 05:00;0.838050812;0.419025406;;;;;;;
28/01/2023 06:00;2.219161673;1.109580836;;;;;;;
28/01/2023 07:00;0.617069844;0.308534922;;;;;;;
28/01/2023 08:00;1.441241808;0.720620904;;;;;;;
28/01/2023 09:00;0.731668003;0.365834001;;;;;;;
28/01/2023 10:00;1.414117523;0.707058761;;;;;;;
28/01/2023 11:00;2.459924653;1.229962326;;;;;;;
28/01/2023 12:00;1.347412707;0.673706353;;;;;;;
28/01/2023 13:00;2.214249835;1.107124918;;;;;;;
28/01/2023 14:00;0.734631128;0.367315564;;;;;;;
28/01/2023 15:00;1.042504154;0.521252077;;;;;;;
28/01/2023 16:00;1.307585481;0.653792741;;;;;;;
28/01/2023 17:00;1.29962428;0.64981214;;;;;;;
28/01/2023 18:00;1.842766957;0.921383479;;;;;;;
28/01/2023 19:00;1.189436255;0.594718127;;;;;;;
28/01/2023 20:00;1.927533737;0.963766868;;;;;;;
28/01/2023 21:00;1.778373798;0.889186899;;;;;;;
28/01/2023 22:00;1.298322291;0.649161145;;;;;;;
28/01/2023 23:00;1.363520255;0.681760128;;;;;;;
29/01/2023 00:00;1.7290554;0.8645277;;;;;;;
29/01/2023 01:00;0.64008438;0.32004219;;;;;;;
29/01/2023 02:00;2.144813477;1.072406738;;;;;;;
29/01/2023 03:00;1.806842322;0.903421161;;;;;;;
29/01/2023 04:00;1.952684929;0.976342464;;;;;;;
29/01/2023 05:00;1.573846002;0.786923001;;;;;;;
29/01/2023 06:00;0.720954222;0.360477111;;;;;;;
29/01/2023 07:00;1.310071227;0.655035613;;;;;;;
29/01/2023 08:00;1.310747166;0.655373583;;;;;;;
29/01/2023 09:00;1.14208598;0.57104299;;;;;;;
29/01/2023 10:00;0.55990065;0.279950325;;;;;;;
29/01/2023 11:00;1.974508485;0.987254243;;;;;;;
29/01/2023 12:00;0.719568916;0.359784458;;;;;;;
29/01/2023 13:00;1.712616266;0.856308133;;;;;;;
29/01/2023 14:00;1.906434993;0.953217496;;;;;;;
29/01/2023 15:00;1.769572646;0.884786323;;;;;;;
29/01/2023 16:00;2.418284504;1.209142252;;;;;;;
29/01/2023 17:00;0.70659631;0.353298155;;;;;;;
29/01/2023 18:00;2.234334318;1.117167159;;;;;;;
29/01/2023 19:00;0.55838047;0.279190235;;;;;;;
29/01/2023 20:00;1.56983371;0.784916855;;;;;;;
29/01/2023 21:00;1.308487236;0.654243618;;;;;;;
29/01/2023 22:00;1.548367721;0.77418386;;;;;;;
29/01/2023 23:00;1.230199754;0.615099877;;;;;;;
30/01/2023 00:00;0.88113383;0.440566915;;;;;;;
30/01/2023 01:00;0.538245795;0.269122897;;;;;;;
30/01/2023 02:00;1.536299628;0.768149814;;;;;;;
30/01/2023 03:00;2.185553725;1.092776863;;;;;;;
30/01/2023 04:00;1.246431911;0.623215956;;;;;;;
30/01/2023 05:00;0.945727636;0.472863818;;;;;;;
30/01/2023 06:00;0.661064007;0.330532003;;;;;;;
30/01/2023 07:00;0.670621846;0.335310923;;;;;;;
30/01/2023 08:00;0.942792893;0.471396446;;;;;;;
30/01/2023 09:00;0.700028122;0.350014061;;;;;;;
30/01/2023 10:00;1.030079397;0.515039698;;;;;;;
30/01/2023 11:00;0.632298924;0.316149462;;;;;;;
30/01/2023 12:00;0.631209734;0.315604867;;;;;;;
30/01/2023 13:00;2.212552359;1.10627618;;;;;;;
30/01/2023 14:00;0.824240521;0.412120261;;;;;;;
30/01/2023 15:00;1.619364812;0.809682406;;;;;;;
30/01/2023 16:00;2.046911089;1.023455544;;;;;;;
30/01/2023 17:00;1.412819131;0.706409565;;;;;;;
30/01/2023 18:00;0.806737756;0.403368878;;;;;;;
30/01/2023 19:00;0.899192284;0.449596142;;;;;;;
30/01/2023 20:00;1.365968413;0.682984206;;;;;;;
30/01/2023 21:00;1.556468178;0.778234089;;;;;;;
30/01/2023 22:00;1.198880584;0.599440292;;;;;;;
30/01/2023 23:00;2.0629592;1.0314796;;;;;;;
31/01/2023 00:00;2.002043298;1.001021649;;;;;;;
